TEST_NUM,LANG,accuracy,f1,precision,recall,tn,fp,fn,tp
0,english,0.5838150289017341,0.5834670947030498,0.5843397745571659,0.5840016038492382,48,39,33,53
